{
    "AMC": {
        "goals": {
            "min": 0.0003,
            "max": 0.0062,
            "avg": 0.0023
        },
        "xG": {
            "min": 0.000660038,
            "max": 0.00498264,
            "avg": 0.00219215
        },
        "shots": {
            "min": 0.0111,
            "max": 0.0425,
            "avg": 0.0218
        },
        "assists": {
            "min": 0.0003,
            "max": 0.0058,
            "avg": 0.0018
        },
        "xA": {
            "min": 0.000711777,
            "max": 0.00459255,
            "avg": 0.00184258
        },
        "key_passes": {
            "min": 0.009,
            "max": 0.0451,
            "avg": 0.0186
        },
        "xGChain": {
            "min": 0.00274983,
            "max": 0.0100706,
            "avg": 0.0048801
        },
        "xGBuildup": {
            "min": 0.00107182,
            "max": 0.00620643,
            "avg": 0.00222072
        }
    },
    "AML": {
        "goals": {
            "min": 0.0008,
            "max": 0.0047,
            "avg": 0.0021
        },
        "xG": {
            "min": 0.00137774,
            "max": 0.00533042,
            "avg": 0.00215884
        },
        "shots": {
            "min": 0.0171,
            "max": 0.0471,
            "avg": 0.0219
        },
        "assists": {
            "min": 0.0005,
            "max": 0.0029,
            "avg": 0.0016
        },
        "xA": {
            "min": 0.000885481,
            "max": 0.00306393,
            "avg": 0.00171637
        },
        "key_passes": {
            "min": 0.0093,
            "max": 0.0302,
            "avg": 0.0158
        },
        "xGChain": {
            "min": 0.00287228,
            "max": 0.0102763,
            "avg": 0.00462947
        },
        "xGBuildup": {
            "min": 0.000891701,
            "max": 0.00519737,
            "avg": 0.00189168
        }
    },
    "AMR": {
        "goals": {
            "min": 0.0007,
            "max": 0.0055,
            "avg": 0.002
        },
        "xG": {
            "min": 0.000999219,
            "max": 0.00449176,
            "avg": 0.0019654
        },
        "shots": {
            "min": 0.0123,
            "max": 0.0362,
            "avg": 0.0201
        },
        "assists": {
            "min": 0.0015,
            "max": 0.0045,
            "avg": 0.0018
        },
        "xA": {
            "min": 0.00142682,
            "max": 0.00444451,
            "avg": 0.00181285
        },
        "key_passes": {
            "min": 0.0121,
            "max": 0.0365,
            "avg": 0.0165
        },
        "xGChain": {
            "min": 0.00382839,
            "max": 0.0090587,
            "avg": 0.00455367
        },
        "xGBuildup": {
            "min": 0.00109596,
            "max": 0.00435623,
            "avg": 0.00192537
        }
    },
    "FW": {
        "goals": {
            "min": 0.0011,
            "max": 0.0126,
            "avg": 0.0042
        },
        "xG": {
            "min": 0.00172821,
            "max": 0.0120816,
            "avg": 0.00415549
        },
        "shots": {
            "min": 0.015,
            "max": 0.0737,
            "avg": 0.028
        },
        "assists": {
            "min": 0,
            "max": 0.0048,
            "avg": 0.0014
        },
        "xA": {
            "min": 0.000264191,
            "max": 0.00538174,
            "avg": 0.00131568
        },
        "key_passes": {
            "min": 0.0036,
            "max": 0.0309,
            "avg": 0.012
        },
        "xGChain": {
            "min": 0.00272705,
            "max": 0.0169137,
            "avg": 0.00533791
        },
        "xGBuildup": {
            "min": 0.000243189,
            "max": 0.00671256,
            "avg": 0.00131848
        }
    },
    "FWL": {
        "goals": {
            "min": 0.0012,
            "max": 0.0118,
            "avg": 0.0031
        },
        "xG": {
            "min": 0.00174245,
            "max": 0.01055,
            "avg": 0.00292459
        },
        "shots": {
            "min": 0.0188,
            "max": 0.0693,
            "avg": 0.0268
        },
        "assists": {
            "min": 0.0017,
            "max": 0.0044,
            "avg": 0.002
        },
        "xA": {
            "min": 0.00164754,
            "max": 0.00494143,
            "avg": 0.00210375
        },
        "key_passes": {
            "min": 0.0146,
            "max": 0.0312,
            "avg": 0.0179
        },
        "xGChain": {
            "min": 0.00449077,
            "max": 0.0149307,
            "avg": 0.00586649
        },
        "xGBuildup": {
            "min": 0.00165576,
            "max": 0.00585821,
            "avg": 0.00232553
        }
    },
    "FWR": {
        "goals": {
            "min": 0.0021,
            "max": 0.0112,
            "avg": 0.0031
        },
        "xG": {
            "min": 0.00177455,
            "max": 0.00935705,
            "avg": 0.00297569
        },
        "shots": {
            "min": 0.0216,
            "max": 0.0562,
            "avg": 0.0255
        },
        "assists": {
            "min": 0.0014,
            "max": 0.0051,
            "avg": 0.002
        },
        "xA": {
            "min": 0.00193369,
            "max": 0.0056116,
            "avg": 0.00206886
        },
        "key_passes": {
            "min": 0.0187,
            "max": 0.0349,
            "avg": 0.0179
        },
        "xGChain": {
            "min": 0.00431047,
            "max": 0.015081,
            "avg": 0.00580084
        },
        "xGBuildup": {
            "min": 0.00185389,
            "max": 0.00589115,
            "avg": 0.00232677
        }
    },
    "ML": {
        "goals": {
            "min": 0.0003,
            "max": 0.0032,
            "avg": 0.0015
        },
        "xG": {
            "min": 0.000582739,
            "max": 0.00258697,
            "avg": 0.00149701
        },
        "shots": {
            "min": 0.0101,
            "max": 0.0261,
            "avg": 0.0172
        },
        "assists": {
            "min": 0.0003,
            "max": 0.0041,
            "avg": 0.0015
        },
        "xA": {
            "min": 0.000581581,
            "max": 0.00254577,
            "avg": 0.00152095
        },
        "key_passes": {
            "min": 0.009,
            "max": 0.022,
            "avg": 0.0149
        },
        "xGChain": {
            "min": 0.00241614,
            "max": 0.00668257,
            "avg": 0.00377472
        },
        "xGBuildup": {
            "min": 0.00098706,
            "max": 0.00359707,
            "avg": 0.001802
        }
    },
    "Sub": {
        "goals": {
            "min": 0.0008,
            "max": 0.016,
            "avg": 0.0026
        },
        "xG": {
            "min": 0.00121151,
            "max": 0.014437,
            "avg": 0.00274433
        },
        "shots": {
            "min": 0.0089,
            "max": 0.066,
            "avg": 0.0249
        },
        "assists": {
            "min": 0.0008,
            "max": 0.009,
            "avg": 0.0017
        },
        "xA": {
            "min": 0.000909816,
            "max": 0.00537747,
            "avg": 0.00171517
        },
        "key_passes": {
            "min": 0.0062,
            "max": 0.0369,
            "avg": 0.0162
        },
        "xGChain": {
            "min": 0.00378437,
            "max": 0.0160493,
            "avg": 0.00590006
        },
        "xGBuildup": {
            "min": 0.000342356,
            "max": 0.00815345,
            "avg": 0.0027587
        }
    }
}